{
  "sample": "hest_data\\INT1",
  "timestamp": "2026-03-29T20:36:22.204596",
  "config": {
    "sample_dir": "hest_data/INT1",
    "n_hvg": 50,
    "patch_px": 224,
    "max_patches": 400,
    "embed_dim": 64,
    "meta_dim": 16,
    "expert_hidden": 64,
    "num_shared": 1,
    "num_fine": 4,
    "topk": 2,
    "dropout": 0.1,
    "epochs": 15,
    "batch_size": 64,
    "lr": 0.001,
    "val_frac": 0.2,
    "balance_factor": 0.02,
    "output_dir": "./results",
    "seed": 42
  },
  "results": {
    "HistoMoE": {
      "best_val_pcc": -0.011350546963512897,
      "final_val_pcc": -0.011350546963512897,
      "train_losses": [
        0.4888681173324585,
        0.37891753315925597,
        0.330438506603241,
        0.3006818056106567,
        0.2920555055141449,
        0.2827573388814926,
        0.27879955172538756,
        0.27565009891986847,
        0.2762404143810272,
        0.2749741107225418,
        0.27265853583812716,
        0.27076089978218076,
        0.2712137192487717,
        0.2728955984115601,
        0.27060321569442747
      ],
      "val_pccs": [
        -0.018690163269639015,
        -0.013223293237388134,
        -0.016750475391745567,
        -0.01587718166410923,
        -0.013987427577376366,
        -0.017145074903964996,
        -0.012607795186340809,
        -0.016948478296399117,
        -0.011818774044513702,
        -0.01683300919830799,
        -0.011533427983522415,
        -0.016700176522135735,
        -0.011373276822268963,
        -0.01666286028921604,
        -0.011350546963512897
      ]
    },
    "Baseline": {
      "best_val_pcc": 0.01804046705365181,
      "final_val_pcc": 0.006495378445833921,
      "train_losses": [
        0.4652673423290253,
        0.3594603896141052,
        0.3264338135719299,
        0.30991973876953127,
        0.2957239329814911,
        0.28524661958217623,
        0.28319012820720674,
        0.27544012367725373,
        0.2729611277580261,
        0.2714050769805908,
        0.2717437714338303,
        0.267699658870697,
        0.2695660203695297,
        0.27020794749259947,
        0.2685884892940521
      ],
      "val_pccs": [
        0.01804046705365181,
        0.0074837179854512215,
        0.004289331845939159,
        0.006229686550796032,
        0.007763904519379139,
        0.007959643378853798,
        0.007078040856868029,
        0.006659282371401787,
        0.006574066821485758,
        0.006669959984719753,
        0.006655497010797262,
        0.006577325984835625,
        0.006522261071950197,
        0.006506132893264294,
        0.006495378445833921
      ]
    }
  }
}